velikost_m2,leto_izgradnje,tip,cena_€
,,,"535.000,00"
"103,2",2025,3-sobno,"535.000,00"
"90,5",1956,4-sobno,"330.000,00"
120,2026,4-sobno,"790.000,00"
83,2024,3-sobno,"590.000,00"
"134,3",2024,4-sobno,"740.300,00"
"161,66",2024,4-sobno,"821.200,00"
210,2024,4-sobno,"1.388.000,00"
205,1997,,"1.180.000,00"
"55,3",1961,3-sobno,"312.000,00"
190,2024,penthouse,"870.000,00"
"48,1",2005,2-sobno,"344.000,00"
"54,1",1896,2-sobno,"349.000,00"
"99,8",1850,3-sobno,"606.000,00"
"43,7",1899,2-sobno,"260.000,00"
238,2006,penthouse,"1.090.000,00"
"74,6",1968,3-sobno,"400.000,00"
"132,65",2021,4-sobno,"922.000,00"
"169,3",2028,3-sobno,"822.000,00"
"67,5",2026,3-sobno,"528.471,00"
"151,7",2026,3-sobno,"581.157,00"
"79,7",2028,4-sobno,"459.000,00"
"80,2",2028,4-sobno,"430.500,00"
"86,7",2028,4-sobno,"472.500,00"
"155,6",2028,4-sobno,"577.500,00"
"64,3",1935,3-sobno,"315.000,00"
,,,"165.000,00"
"41,7",1958,2-sobno,"165.000,00"
42,1927,1-sobno,"253.000,00"
"26,3",1995,garsonjera,"199.000,00"
"31,7",1938,5-sobno,"175.000,00"
"127,9",2027,3-sobno,"495.000,00"
"201,5",2011,4-sobno,"1.160.000,00"
"201,5",2011,4-sobno,"1.160.000,00"
"238,5",2011,4-sobno,"1.160.000,00"
186,2002,4-sobno,"890.000,00"
65,1985,2-sobno,"350.000,00"
"139,6",2004,4-sobno,"650.000,00"
"157,1",1900,3-sobno,"564.000,00"
"178,8",1900,4-sobno,"646.000,00"
48,2006,5-sobno,"320.000,00"
"75,8",1981,3-sobno,"390.000,00"
80,1978,3-sobno,"439.000,00"
72,1977,3-sobno,"400.000,00"
"38,6",1963,1-sobno,"250.000,00"
"38,6",1963,1-sobno,"260.000,00"
"148,5",1996,4-sobno,"265.000,00"
157,1996,4-sobno,"265.000,00"
"119,4",2024,3-sobno,"486.585,15"
"31,7",1947,1-sobno,"155.000,00"
"82,7",1956,2-sobno,"320.000,00"
"86,7",1988,4-sobno,"435.000,00"
,,,"429.000,00"
"87,52",1987,3-sobno,"429.000,00"
"99,5",2002,4-sobno,"465.000,00"
"128,5",1973,3-sobno,"509.000,00"
"74,6",1986,5-sobno,"410.000,00"
"152,8",2026,4-sobno,"525.000,00"
54,2001,2-sobno,"309.000,00"
"75,6",2001,3-sobno,"399.000,00"
88,2002,4-sobno,"499.000,00"
"95,79",1963,3-sobno,"238.000,00"
17,1983,garsonjera,"98.000,00"
"53,3",1981,2-sobno,"279.000,00"
"62,7",1977,2-sobno,"333.000,00"
"64,4",2028,3-sobno,"477.580,00"
"66,3",1981,3-sobno,"290.000,00"
"70,5",1974,3-sobno,"350.000,00"
"80,4",2028,3-sobno,"505.380,00"
85,1982,3-sobno,"420.000,00"
"172,5",2028,4-sobno,"953.280,00"
"69,65",2027,4-sobno,"433.000,00"
"80,73",2027,2-sobno,"539.000,00"
"122,01",2027,4-sobno,"745.000,00"
90,1980,4-sobno,"425.000,00"
"90,7",1986,4-sobno,"430.000,00"
"94,3",1986,4-sobno,"430.000,00"
"94,3",1986,4-sobno,"430.000,00"
,,,"430.000,00"
"94,8",1986,5-sobno,"430.000,00"
"94,8",1986,4-sobno,"430.000,00"
95,1981,4-sobno,"430.000,00"
98,1986,4-sobno,"440.000,00"
98,1986,4-sobno,"440.000,00"
37,1960,5-sobno,"159.200,00"
96,1988,4-sobno,"430.000,00"
"37,6",1985,5-sobno,"270.000,00"
198,1989,4-sobno,"456.000,00"
"116,9",2001,,"495.000,00"
"62,7",1946,2-sobno,"180.000,00"
"22,3",1920,garsonjera,"129.000,00"
"57,1",2004,1-sobno,"249.900,00"
"78,2",1974,3-sobno,"349.000,00"
39,1934,5-sobno,"235.000,00"
"55,8",1964,2-sobno,"292.000,00"
"91,6",1936,3-sobno,"285.000,00"
96,1969,3-sobno,"489.000,00"
73,1925,2-sobno,"210.000,00"
80,1969,3-sobno,"350.000,00"
"60,1",1976,2-sobno,"320.000,00"
"143,4",1937,5-sobno,"887.000,00"
"32,6",1975,1-sobno,"198.000,00"
"74,8",1969,5-sobno,"320.000,00"
"120,5",1974,4-sobno,"698.000,00"
,,,"740.000,00"
126,2001,,"740.000,00"
"126,4",2001,,"740.000,00"
"145,8",2001,,"740.000,00"
"40,7",1975,1-sobno,"239.000,00"
"107,1",1947,4-sobno,"400.000,00"
"22,4",1960,garsonjera,"180.000,00"
25,1973,1-sobno,"125.000,00"
30,2025,1-sobno,"370.000,00"
"48,04",2028,2-sobno,"336.000,00"
"52,9",1990,2-sobno,"328.000,00"
"57,1",1929,3-sobno,"345.000,00"
"57,9",1979,2-sobno,"309.000,00"
"61,5",1949,5-sobno,"275.000,00"
"62,5",1971,2-sobno,"295.000,00"
"64,96",2028,2-sobno,"415.000,00"
"67,8",1920,3-sobno,"465.000,00"
"67,8",1920,3-sobno,"465.000,00"
"67,9",1972,2-sobno,"395.000,00"
"68,6",1978,3-sobno,"359.000,00"
73,1968,3-sobno,"359.000,00"
74,1956,5-sobno,"550.000,00"
74,1938,2-sobno,"430.000,00"
"74,25",2028,2-sobno,"479.000,00"
"75,5",1930,4-sobno,"400.000,00"
"75,75",2028,2-sobno,"479.000,00"
,,,"769.000,00"
"76,3",2023,3-sobno,"769.000,00"
"79,43",2025,3-sobno,"525.000,00"
80,1978,3-sobno,"420.000,00"
"81,6",1965,3-sobno,"455.000,00"
"85,06",2028,3-sobno,"489.000,00"
86,1950,3-sobno,"435.000,00"
"86,03",2028,3-sobno,"490.682,00"
"86,3",1930,4-sobno,"384.000,00"
"87,3",1984,5-sobno,"460.000,00"
"87,84",2028,3-sobno,"549.000,00"
88,2022,4-sobno,"595.000,00"
"90,09",2026,2-sobno,"419.000,00"
"90,56",2018,3-sobno,"549.000,00"
94,2005,5-sobno,"575.000,00"
"96,4",1937,5-sobno,"444.000,00"
"98,6",1966,4-sobno,"790.000,00"
"98,6",1966,4-sobno,"790.000,00"
"100,4",2011,4-sobno,"590.000,00"
104,2028,3-sobno,"570.257,00"
"107,25",2028,3-sobno,"641.585,00"
"110,32",2028,3-sobno,"501.452,00"
"114,75",2023,2-sobno,"550.000,00"
"114,91",2028,3-sobno,"677.676,00"
"126,32",2028,4-sobno,"692.371,00"
"127,6",2003,4-sobno,"428.000,00"
,,,"738.908,00"
"127,98",2028,4-sobno,"738.908,00"
"136,45",2028,4-sobno,"811.827,00"
"138,22",2028,4-sobno,"749.158,00"
"141,8",1925,3-sobno,"330.000,00"
"141,9",2025,3-sobno,"647.296,11"
"142,52",2028,4-sobno,"775.715,00"
160,2019,4-sobno,"1.204.000,00"
"160,7",2026,,"530.000,00"
"164,8",2026,,"530.000,00"
"186,02",2028,4-sobno,"787.468,00"
"186,24",2028,4-sobno,"846.771,00"
205,1997,,"1.180.000,00"
205,1997,,"1.180.000,00"
"242,86",2028,4-sobno,"995.392,00"
279,1997,,"1.180.000,00"
"326,3",2014,,"2.750.000,00"
72,1963,5-sobno,"339.000,00"
"75,1",2016,3-sobno,"580.000,00"
89,1963,3-sobno,"465.000,00"
"87,3",1984,3-sobno,"460.000,00"
"75,1",1974,5-sobno,"372.000,00"
"81,9",1961,3-sobno,"395.000,00"
"196,2",2009,3-sobno,"850.000,00"
"76,8",1974,3-sobno,"339.000,00"
"52,2",1946,2-sobno,"349.000,00"
,,,"110.000,00"
"29,8",1939,garsonjera,"110.000,00"
"34,5",1957,5-sobno,"269.000,00"
96,1973,4-sobno,"530.000,00"
"98,1",1984,3-sobno,"474.000,00"
"64,4",1971,2-sobno,"355.000,00"
"52,4",1986,2-sobno,"334.000,00"
"47,3",2003,2-sobno,"349.000,00"
62,1961,2-sobno,"309.000,00"
69,1968,5-sobno,"375.000,00"
69,1968,3-sobno,"375.000,00"
"58,73",2027,2-sobno,"429.000,00"
"76,87",2025,3-sobno,"460.000,00"
"80,29",2025,3-sobno,"485.628,00"
"144,91",2025,3-sobno,"659.950,00"
"232,82",2025,3-sobno,"1.200.000,00"
"232,82",2025,3-sobno,"1.200.000,00"
"271,46",2025,4-sobno,"1.350.000,00"
"24,6",1965,1-sobno,"250.000,00"
"24,8",1980,garsonjera,"211.000,00"
"27,2",1827,1-sobno,"129.000,00"
"31,6",1896,1-sobno,"229.900,00"
"35,9",1800,2-sobno,"175.000,00"
39,1900,1-sobno,"250.000,00"
"41,3",1867,2-sobno,"210.000,00"
"44,7",1959,2-sobno,"280.000,00"
,,,"349.000,00"
"45,7",2009,garsonjera,"349.000,00"
"54,1",1933,2-sobno,"448.000,00"
56,1906,2-sobno,"290.000,00"
"56,6",1959,2-sobno,"348.800,00"
"58,4",1873,2-sobno,"280.000,00"
60,1867,2-sobno,"249.000,00"
"64,5",1960,3-sobno,"370.000,00"
"68,2",1876,5-sobno,"630.000,00"
"68,5",1988,1-sobno,"285.000,00"
"72,7",1876,5-sobno,"764.925,00"
"73,4",1905,3-sobno,"220.000,00"
"76,9",2005,2-sobno,"499.000,00"
78,1929,3-sobno,"465.000,00"
"78,7",1983,2-sobno,"619.000,00"
80,2005,5-sobno,"475.000,00"
"82,4",1985,3-sobno,"624.000,00"
"82,8",1852,3-sobno,"480.000,00"
83,1983,3-sobno,"590.000,00"
85,1929,3-sobno,"368.000,00"
"85,8",1852,5-sobno,"460.000,00"
"85,8",1852,5-sobno,"460.000,00"
88,1950,3-sobno,"348.000,00"
"92,6",1962,3-sobno,"490.000,00"
"93,2",1922,3-sobno,"475.000,00"
"93,2",1922,2-sobno,"475.000,00"
,,,"795.000,00"
"93,72",2026,5-sobno,"795.000,00"
"93,8",1930,3-sobno,"435.000,00"
96,1852,3-sobno,"489.000,00"
"98,4",1938,3-sobno,"520.000,00"
"98,9",1936,3-sobno,"449.000,00"
100,1753,5-sobno,"415.000,00"
100,2007,5-sobno,"410.000,00"
"103,62",2026,2-sobno,"825.000,00"
"103,87",1876,3-sobno,"947.100,00"
"103,87",1876,3-sobno,"947.100,00"
"103,9",1896,4-sobno,"650.000,00"
104,1904,4-sobno,"579.000,00"
"105,5",1880,3-sobno,"649.000,00"
111,1937,5-sobno,"550.000,00"
"111,65",2027,2-sobno,"452.760,00"
"111,8",2025,4-sobno,"1.300.000,00"
"111,9",1876,4-sobno,"947.100,00"
"115,09",2023,3-sobno,"850.000,00"
"117,5",1775,3-sobno,"760.000,00"
119,1909,5-sobno,"750.000,00"
119,1933,3-sobno,"760.000,00"
120,1895,3-sobno,"9.500,00"
120,1895,4-sobno,"490.000,00"
120,1895,4-sobno,"490.000,00"
"120,4",1930,3-sobno,"649.000,00"
,,,"649.000,00"
"120,4",1930,3-sobno,"649.000,00"
"120,5",1902,4-sobno,"549.000,00"
"131,6",1897,3-sobno,"671.000,00"
"133,5",1876,4-sobno,"1.200.500,00"
"134,67",1876,,"1.488.375,00"
"134,67",1876,,"1.488.375,00"
"134,97",2023,3-sobno,"1.399.000,00"
"136,7",1907,,"620.000,00"
"136,8",1905,,"684.000,00"
"137,1",1874,5-sobno,"449.000,00"
"138,15",1905,5-sobno,"1.230.000,00"
"142,5",2025,4-sobno,"1.075.000,00"
143,1930,4-sobno,"630.000,00"
"145,6",1876,4-sobno,"1.488.375,00"
"153,8",1630,4-sobno,"700.000,00"
"155,9",2023,2-sobno,"1.410.896,00"
"162,9",1905,,"685.000,00"
165,1500,,"619.000,00"
"170,4",2005,4-sobno,"1.700.000,00"
"172,9",1932,,"850.000,00"
181,1886,4-sobno,"870.000,00"
"181,2",1886,4-sobno,"870.000,00"
"184,3",1600,5-sobno,"2.100.000,00"
"184,3",1600,5-sobno,"2.100.000,00"
"184,3",1600,4-sobno,"2.100.000,00"
,,,"2.100.000,00"
"184,3",1600,5-sobno,"2.100.000,00"
"204,7",1520,4-sobno,"1.100.000,00"
206,1911,,"950.000,00"
"207,13",2026,2-sobno,"874.000,00"
"212,1",1939,,"1.440.000,00"
217,1905,5-sobno,"1.130.000,00"
"222,8",1520,4-sobno,"1.450.000,00"
"242,7",1861,,"2.000.000,00"
"255,27",2026,2-sobno,"1.611.900,00"
"264,47",2026,2-sobno,"1.611.900,00"
"276,7",1456,4-sobno,"1.190.000,00"
"276,7",1456,,"1.290.000,00"
23,1980,garsonjera,"175.000,00"
"83,8",1983,3-sobno,"590.000,00"
"172,9",1932,,"749.000,00"
"26,3",1852,garsonjera,"149.000,00"
"113,8",1936,3-sobno,"779.000,00"
"81,5",1958,3-sobno,"390.319,80"
"28,7",1980,garsonjera,"195.000,00"
115,1930,,"590.000,00"
20,1961,garsonjera,"185.000,00"
"195,6",1651,,"350.000,00"
"374,8",1651,,"1.500.000,00"
35,2007,garsonjera,"290.000,00"
190,1520,4-sobno,"1.450.000,00"
,,,"390.000,00"
"54,6",1998,2-sobno,"390.000,00"
"54,8",1962,3-sobno,"448.000,00"
164,1926,,"980.000,00"
"45,69",2009,garsonjera,"349.000,00"
64,1920,3-sobno,"240.000,00"
"97,7",1910,4-sobno,"340.000,00"
"125,8",1908,3-sobno,"550.000,00"
13,1964,,"78.000,00"
"136,8",1905,,"684.000,00"
"64,3",2027,2-sobno,"405.000,00"
"100,44",2027,2-sobno,"444.000,00"
"117,2",2027,5-sobno,"585.000,00"
75,1898,5-sobno,"288.000,00"
62,1939,2-sobno,"269.900,00"
"91,62",2023,2-sobno,"950.000,00"
"153,8",1650,5-sobno,"700.000,00"
20,2024,garsonjera,"235.000,00"
"117,58",2021,4-sobno,"1.600.000,00"
47,2022,2-sobno,"440.000,00"
"74,49",1981,3-sobno,"499.000,00"
"80,9",1905,5-sobno,"395.000,00"
85,1939,3-sobno,"495.000,00"
240,1897,,"630.000,00"
104,1979,4-sobno,"551.000,00"
"18,02",1935,garsonjera,"179.000,00"
,,,"699.000,00"
"106,7",1931,3-sobno,"699.000,00"
"46,9",1920,2-sobno,"190.000,00"
"54,1",1899,2-sobno,"267.000,00"
"59,3",1935,5-sobno,"359.000,00"
"59,4",1926,5-sobno,"294.000,00"
63,1977,2-sobno,"310.000,00"
"68,6",1961,4-sobno,"375.000,00"
80,2026,3-sobno,"370.000,00"
"83,4",1972,5-sobno,"390.000,00"
"87,3",1985,3-sobno,"349.000,00"
38,2010,5-sobno,"239.000,00"
70,1966,3-sobno,"348.000,00"
"21,5",1962,garsonjera,"220.000,00"
"64,45",1975,2-sobno,"315.000,00"
85,1974,3-sobno,"372.000,00"
"63,8",1955,5-sobno,"269.000,00"
"24,6",1963,garsonjera,"250.000,00"
14,1984,,"65.000,00"
"26,5",2023,garsonjera,"299.000,00"
"28,6",1970,1-sobno,"219.000,00"
"31,6",1929,garsonjera,"197.000,00"
"33,3",1964,1-sobno,"229.000,00"
"36,6",2018,1-sobno,"348.000,00"
"47,2",1905,2-sobno,"298.000,00"
"49,1",1964,garsonjera,"175.000,00"
,,,"269.000,00"
"49,3",1960,5-sobno,"269.000,00"
"51,6",1956,2-sobno,"298.000,00"
"51,7",1956,2-sobno,"298.000,00"
"55,3",1960,2-sobno,"299.000,00"
"58,97",1962,3-sobno,"375.000,00"
"60,7",1963,2-sobno,"330.000,00"
"62,5",2022,2-sobno,"435.000,00"
"70,1",2024,5-sobno,"470.000,00"
"71,4",1967,3-sobno,"295.000,00"
"72,3",1963,3-sobno,"325.000,00"
"73,07",2025,3-sobno,"529.721,00"
"74,6",1967,3-sobno,"400.000,00"
"76,3",1964,5-sobno,"360.000,00"
"76,3",1964,4-sobno,"360.000,00"
"76,3",1964,3-sobno,"360.000,00"
"76,4",1964,3-sobno,"385.000,00"
80,1972,5-sobno,"450.000,00"
"84,7",1970,3-sobno,"420.000,00"
"85,5",2023,3-sobno,"880.000,00"
"85,8",1938,3-sobno,"540.000,00"
"87,5",1840,3-sobno,"368.000,00"
"90,6",1913,4-sobno,"439.000,00"
"96,5",2028,3-sobno,"689.000,00"
"96,9",1972,4-sobno,"549.000,00"
"105,6",1972,3-sobno,"549.000,00"
,,,"555.000,00"
111,1935,5-sobno,"555.000,00"
"114,9",2028,4-sobno,"846.000,00"
115,1970,3-sobno,"279.000,00"
"115,1",1970,3-sobno,"279.000,00"
"115,2",2028,4-sobno,"863.000,00"
"115,4",2028,4-sobno,"848.000,00"
"115,7",2028,4-sobno,"849.000,00"
"116,1",2028,4-sobno,"853.000,00"
"116,2",2028,4-sobno,"854.000,00"
"116,2",2028,4-sobno,"869.000,00"
"124,2",2028,4-sobno,"913.000,00"
"124,3",2028,4-sobno,"930.000,00"
"124,8",2028,4-sobno,"915.000,00"
"124,9",2028,4-sobno,"915.000,00"
"125,9",2028,4-sobno,"921.000,00"
"125,9",2028,4-sobno,"921.000,00"
"127,1",2028,4-sobno,"925.000,00"
"129,2",2028,4-sobno,"933.000,00"
"129,2",2028,4-sobno,"950.000,00"
"132,65",2021,4-sobno,"922.000,00"
"145,7",2001,,"740.000,00"
"145,8",2001,,"740.000,00"
"176,1",2028,3-sobno,"856.000,00"
"177,9",2028,3-sobno,"858.000,00"
186,2028,3-sobno,"890.000,00"
,,,"870.000,00"
"189,7",2028,3-sobno,"870.000,00"
192,2028,3-sobno,"873.000,00"
"195,2",2028,3-sobno,"837.000,00"
"213,6",2028,3-sobno,"918.000,00"
"221,6",2028,4-sobno,"1.029.000,00"
"231,3",2028,3-sobno,"937.000,00"
"235,3",2028,3-sobno,"920.000,00"
237,2028,3-sobno,"948.000,00"
"237,6",2028,3-sobno,"925.000,00"
241,2028,3-sobno,"918.000,00"
"243,3",2028,4-sobno,"1.049.000,00"
"253,1",2028,,"1.128.000,00"
"259,1",2028,3-sobno,"950.000,00"
"277,4",2028,4-sobno,"1.087.000,00"
"296,2",2028,4-sobno,"1.180.000,00"
"303,7",2028,4-sobno,"1.195.000,00"
"308,5",2028,4-sobno,"1.194.000,00"
17,1983,,"122.000,00"
"77,4",1949,2-sobno,"330.000,00"
"53,3",1981,2-sobno,"279.000,00"
"54,5",1972,2-sobno,"320.000,00"
"44,5",1839,2-sobno,"248.000,00"
78,1974,3-sobno,"375.000,00"
"80,7",1949,5-sobno,"430.000,00"
"114,8",1975,3-sobno,"530.000,00"
,,,"740.000,00"
146,2001,,"740.000,00"
71,1937,5-sobno,"332.000,00"
"299,76",2025,,"1.152.592,00"
30,2011,garsonjera,"205.000,00"
30,1978,garsonjera,"260.000,00"
33,1994,1-sobno,"178.000,00"
"46,7",1968,5-sobno,"306.000,00"
47,1936,2-sobno,"200.000,00"
"54,2",1978,2-sobno,"305.000,00"
"58,1",2025,2-sobno,"349.000,00"
"61,9",1963,3-sobno,"310.000,00"
"63,83",2025,3-sobno,"396.000,00"
"70,09",2025,3-sobno,"396.000,00"
"71,2",2025,3-sobno,"399.000,00"
"71,5",1978,3-sobno,"275.000,00"
"72,3",2025,3-sobno,"399.000,00"
"72,3",2025,3-sobno,"399.000,00"
"72,4",2025,3-sobno,"399.000,00"
"74,1",1928,3-sobno,"315.000,00"
109,1996,4-sobno,"670.000,00"
"113,1",1928,4-sobno,"469.000,00"
"124,9",1928,4-sobno,"515.000,00"
"147,6",2009,4-sobno,"649.500,00"
154,1977,3-sobno,"399.000,00"
"156,5",2009,4-sobno,"930.000,00"
,,,"1.265.000,00"
"201,5",2011,4-sobno,"1.265.000,00"
"240,95",2026,5-sobno,"699.157,00"
"323,4",1934,5-sobno,"980.000,00"
63,2005,3-sobno,"289.000,00"
"91,8",1981,4-sobno,"595.000,00"
109,1996,4-sobno,"670.000,00"
"69,1",1963,3-sobno,"376.000,00"
46,1913,2-sobno,"250.000,00"
61,1975,3-sobno,"379.000,00"
140,1920,4-sobno,"460.000,00"
"72,2",2006,garsonjera,"320.000,00"
"67,5",2026,3-sobno,"528.471,00"
"99,3",2026,4-sobno,"770.972,00"
154,2026,3-sobno,"581.157,00"
146,2001,,"740.000,00"
146,2001,,"740.000,00"
"67,5",2026,3-sobno,"528.471,00"
"97,1",2026,4-sobno,"764.321,00"
"60,24",1966,2-sobno,"350.000,00"
"55,2",1937,3-sobno,"165.000,00"
"59,8",1970,2-sobno,"300.000,00"
"43,9",1987,5-sobno,"280.000,00"
"58,3",1967,3-sobno,"310.000,00"
"60,5",1968,3-sobno,"319.000,00"
"61,1",1939,3-sobno,"260.000,00"
,,,"215.000,00"
"71,6",1965,3-sobno,"215.000,00"
"128,6",1970,3-sobno,"419.000,00"
231,2004,4-sobno,"1.050.000,00"
"44,1",1972,2-sobno,"279.000,00"
"46,8",1981,2-sobno,"278.000,00"
"46,51",1960,3-sobno,"199.000,00"
"76,8",2027,3-sobno,"472.020,00"
"144,5",2025,4-sobno,"1.059.000,00"
"157,8",2027,4-sobno,"896.260,00"
"293,35",2025,,"1.290.000,00"
299,2025,,"1.150.000,00"
299,2025,,"1.150.000,00"
60,1991,5-sobno,"450.000,00"
"55,3",1961,3-sobno,"312.000,00"
"66,6",1961,3-sobno,"349.000,00"
"39,7",1973,1-sobno,"235.000,00"
"42,2",1932,1-sobno,"189.000,00"
"55,7",1978,2-sobno,"295.000,00"
"97,3",1903,4-sobno,"360.000,00"
"110,6",2025,3-sobno,"580.000,00"
"110,6",2025,3-sobno,"550.000,00"
"110,6",2025,3-sobno,"580.000,00"
"113,1",2025,3-sobno,"550.000,00"
"217,9",1999,5-sobno,"759.500,00"
102,1965,3-sobno,"312.000,00"
,,,"595.000,00"
"147,5",2023,4-sobno,"595.000,00"
148,2023,4-sobno,"595.000,00"
"128,7",1969,3-sobno,"410.000,00"
"169,8",2028,4-sobno,"598.500,00"
50,1968,2-sobno,"310.000,00"
66,2026,5-sobno,"490.000,00"
87,1841,,"750.000,00"
"126,4",1922,,"650.000,00"
51,1963,2-sobno,"300.000,00"
"136,3",1984,4-sobno,"247.000,00"
"81,7",1963,3-sobno,"315.000,00"
"249,1",2017,2-sobno,"446.000,00"
"75,6",1932,5-sobno,"350.000,00"
"79,9",1960,4-sobno,"430.000,00"
"90,5",1963,3-sobno,"420.000,00"
"117,16",2027,3-sobno,"985.268,00"
"117,3",2025,4-sobno,"1.140.000,00"
"119,9",2022,4-sobno,"1.150.975,00"
120,2020,4-sobno,"1.180.000,00"
120,2020,4-sobno,"1.180.000,00"
"123,51",2026,4-sobno,"569.000,00"
"132,56",2027,4-sobno,"1.099.000,00"
"137,66",2027,3-sobno,"1.146.387,00"
"140,97",2024,3-sobno,"1.053.000,00"
"142,8",1920,3-sobno,"460.000,00"
,,,"1.200.000,00"
158,2025,4-sobno,"1.200.000,00"
"160,56",2027,4-sobno,"1.480.574,00"
"176,4",2025,,"980.000,00"
"253,3",2020,4-sobno,"1.180.000,00"
58,1936,2-sobno,"429.000,00"
"70,93",2026,3-sobno,"790.000,00"
109,1996,4-sobno,"685.000,00"
175,2020,4-sobno,"1.200.000,00"
"112,7",2024,3-sobno,"1.053.000,00"
30,1934,1-sobno,"160.000,00"
"34,3",1935,5-sobno,"249.000,00"
57,1935,5-sobno,"369.000,00"
60,1935,3-sobno,"315.000,00"
"60,3",1935,3-sobno,"329.000,00"
"60,3",1934,3-sobno,"315.000,00"
"64,4",2025,2-sobno,"461.900,00"
"65,8",1935,5-sobno,"315.000,00"
"68,9",2000,5-sobno,"437.000,00"
"77,11",2021,3-sobno,"560.000,00"
"78,9",1856,garsonjera,"358.000,00"
"79,1",2012,3-sobno,"590.000,00"
86,1971,3-sobno,"319.000,00"
"102,1",2007,4-sobno,"543.000,00"
"143,07",2025,,"499.000,00"
"145,1",2024,4-sobno,"485.000,00"
,,,"485.000,00"
"154,4",2024,,"485.000,00"
"157,7",2026,5-sobno,"750.000,00"
"157,7",2026,5-sobno,"750.000,00"
59,1938,3-sobno,"268.000,00"
"64,3",1935,3-sobno,"315.000,00"
"64,3",1968,2-sobno,"279.000,00"
"330,5",1959,,"978.000,00"
"52,2",1946,2-sobno,"349.000,00"
"67,1",1958,5-sobno,"355.000,00"
77,1959,5-sobno,"365.000,00"
"168,1",2003,4-sobno,"745.000,00"
94,2006,5-sobno,"575.000,00"
"77,6",1963,3-sobno,"369.000,00"
"77,6",1963,3-sobno,"399.000,00"
155,2026,,"550.000,00"
"61,3",1970,2-sobno,"290.000,00"
58,1928,2-sobno,"240.000,00"
"76,4",1964,3-sobno,"385.000,00"
87,1840,3-sobno,"368.000,00"
"87,5",1900,3-sobno,"319.000,00"
"88,1",1834,4-sobno,"428.000,00"
"102,5",1902,3-sobno,"375.000,00"
"130,2",1925,5-sobno,"439.000,00"
63,2015,2-sobno,"345.000,00"
57,1965,5-sobno,"359.000,00"
,,,"790.000,00"
"205,3",2021,4-sobno,"790.000,00"
"239,3",2023,4-sobno,"849.000,00"
"239,3",2023,4-sobno,"949.000,00"
"248,8",2023,3-sobno,"595.000,00"
"68,2",1876,2-sobno,"630.000,00"
"68,2",1876,2-sobno,"661.500,00"
"71,44",1876,2-sobno,"764.925,00"
"72,24",1876,2-sobno,"728.500,00"
"80,1",2022,2-sobno,"1.150.000,00"
100,2019,3-sobno,"799.000,00"
"106,76",1876,3-sobno,"902.000,00"
132,1700,,"595.000,00"
"134,61",1876,4-sobno,"1.417.500,00"
160,1755,4-sobno,"980.000,00"
188,1898,,"820.000,00"
325,1630,,"1.490.000,00"
58,1976,1-sobno,"295.000,00"
106,2009,4-sobno,"825.000,00"
"66,65",1990,5-sobno,"380.000,00"
90,1972,5-sobno,"450.000,00"
"90,7",1984,4-sobno,"395.000,00"
"37,1",1969,5-sobno,"231.000,00"
35,1973,1-sobno,"240.000,00"
68,1977,5-sobno,"359.900,00"
"183,3",1971,3-sobno,"549.000,00"
,,,"170.000,00"
22,1977,garsonjera,"170.000,00"
"23,3",1977,garsonjera,"170.000,00"
"62,2",1976,2-sobno,"349.000,00"
"64,7",1944,4-sobno,"180.000,00"
"67,8",1870,2-sobno,"335.000,00"
85,1975,3-sobno,"390.000,00"
85,1975,3-sobno,"390.000,00"
13,1963,,"50.000,00"
"29,9",1895,1-sobno,"210.000,00"
"41,6",1958,2-sobno,"280.000,00"
"64,5",1960,3-sobno,"370.000,00"
112,1909,4-sobno,"589.000,00"
"94,2",2012,3-sobno,"759.000,00"
"188,9",1907,5-sobno,"485.000,00"
175,1931,3-sobno,"430.000,00"
54,1890,2-sobno,"187.000,00"
"42,5",1992,2-sobno,"315.000,00"
"63,2",1940,2-sobno,"300.000,00"
"66,2",1968,3-sobno,"375.000,00"
"74,49",1981,5-sobno,"499.000,00"
"74,49",1981,5-sobno,"499.000,00"
"74,49",1981,5-sobno,"499.000,00"
"74,5",1981,5-sobno,"499.000,00"
"74,5",1981,5-sobno,"500.000,00"
"81,7",1935,3-sobno,"379.000,00"
,,,"514.189,00"
98,2026,3-sobno,"514.189,00"
102,1986,2-sobno,"610.000,00"
"151,7",2026,3-sobno,"581.157,00"
"193,5",1930,penthouse,"1.376.000,00"
"298,4",2005,5-sobno,"3.200.000,00"
"83,2",1938,4-sobno,"595.000,00"
"59,4",1992,2-sobno,"343.000,00"
120,1967,3-sobno,"359.000,00"
200,2000,,"500.000,00"
"74,49",1981,3-sobno,"499.000,00"
"74,49",1981,5-sobno,"499.000,00"
"28,8",1960,1-sobno,"213.000,00"
"39,4",1900,5-sobno,"169.000,00"
"39,4",1900,1-sobno,"169.000,00"
"63,9",2006,2-sobno,"365.000,00"
"63,9",2006,2-sobno,"365.000,00"
87,1968,4-sobno,"485.000,00"
"87,4",1920,5-sobno,"370.000,00"
"100,5",1967,4-sobno,"485.000,00"
"104,2",1979,4-sobno,"551.000,00"
"44,29",2005,1-sobno,"240.000,00"
"157,5",2018,,"695.000,00"
"46,2",1962,2-sobno,"295.000,00"
"231,4",2004,,"990.000,00"
"282,9",2024,4-sobno,"949.000,00"
,,,"349.000,00"
"54,8",1972,2-sobno,"349.000,00"
84,1975,4-sobno,"350.000,00"
93,1987,4-sobno,"280.000,00"
"179,6",2018,4-sobno,"695.000,00"
"53,5",1909,2-sobno,"248.500,00"
"71,31",1958,3-sobno,"330.000,00"
"74,6",1968,5-sobno,"400.000,00"
"80,7",1949,5-sobno,"359.000,00"
"94,1",1968,5-sobno,"394.000,00"
"169,4",2009,3-sobno,"450.000,00"
"184,9",2009,4-sobno,"520.000,00"
"37,8",1969,1-sobno,"239.000,00"
"42,2",1969,1-sobno,"280.000,00"
"67,1",1958,5-sobno,"355.000,00"
"90,48",2009,2-sobno,"719.000,00"
205,1997,,"1.180.000,00"
279,1997,penthouse,"1.180.000,00"
"61,4",1958,3-sobno,"355.000,00"
36,1969,1-sobno,"239.000,00"
279,1997,,"1.180.000,00"
"69,37",1989,2-sobno,"470.000,00"
